Submission ID,Submission time,UserId,DistrictName,UpazilaName,Items to Choose,Value - Rice,Converted Value - Rice,Rice Purchase Options,Name of Rice,Type of Shop for Rice,Name of Outlet for Rice,Value - Flour,Converted Value - Flour,Flour Purchase Options,Type of Shop for Flour,Name of Outlet for Flour,Value - Lentil,Converted Value - Lentil,Lentils Purchase Options,Type of Shop for Lentils,Name of Outlet for Lentils,Value - Soybean Oil,Converted Value - Soybean Oil,Soybean Oil Purchase Options,Type of Shop for Soybean Oil,Name of Outlet for Soybean Oil,Value - Salt,Converted Value - Salt,Salt Purchase Options,Type of Shop for Salt,Name of Outlet for Salt,Value - Sugar,Converted Value - Sugar,Source of Sugar,Sugar Purchase Options,Type of Shop for Sugar,Name of Outlet for Sugar,Value - Eggs,Converted Value - Eggs,Eggs Purchase Options,Name of Outlet for Eggs,Value - Chicken,Converted Value - Chicken,Chicken Purchase Options,Type of Shop for Chicken,Name of Outlet for Chicken,Value - Potato,Converted Value - Potato,Potato Purchase Options,Type of Shop for Potato,Name of Outlet for Potato,Value - Eggplant,Converted Value - Eggplant,Types of Eggplant,Type of Shop for Eggplant,Name of Outlet for Eggplant,Value - Onion,Converted Value - Onion,Source of Onion,Type of Shop for Onion,Name of Outlet for Onion,Value - Green Chilli,Converted Value - Green Chilli,Type of Shop for Green Chilli,Name of Outlet for Green Chilli,Your Comments
6b7483a2-25c7-4fa9-864e-4b5545bb1783,2024-11-30 23:32:19,173dcb872759ee4b05745b23a2e7ae34,Dhaka,Adabor,"Rice,Soybean Oil",67,,Packet,Miniket,Online/Supershop,Agora,,,,,,,,,,,167,,Bottle,Online/Supershop,Agora,,,,,,,,,,,,,,,,,,,,,,,,,,,,,,,,,,,,,,,,
0e3b61f1-8e21-4f05-aea0-b7226a0946e6,2024-11-30 23:48:36,173dcb872759ee4b05745b23a2e7ae34,Dhaka,Dhanmondi,"Rice,Soybean Oil",66,,Packet,Miniket,Online/Supershop,Unimart,,,,,,,,,,,167,,Bottle,Online/Supershop,Unimart,,,,,,,,,,,,,,,,,,,,,,,,,,,,,,,,,,,,,,,,
8d07e7ca-e22f-44be-b5c6-3eb9a8ec71c1,2024-12-01 4:32:29,0859ee7098b0fcd674aeb822126f986a,Dhaka,Badda,"Rice,Soybean Oil",72,,Packet,Miniket,Online/Supershop,Shwapno,,,,,,,,,,,170,,Bottle,Online/Supershop,Shwapno,,,,,,,,,,,,,,,,,,,,,,,,,,,,,,,,,,,,,,,,
988acbef-9e63-4ab0-aea6-b3baa020c32f,2024-12-02 6:36:04,0c29694fadfcb564ebe238a66c3b99f8,Dhaka,Mohammadpur,"Sugar,Green Chilli",,,,,,,,,,,,,,,,,,,,,,,,,,,185,,Deshi,Loose,Traditional Shop,,,,,,,,,,,,,,,,,,,,,,,,,,120,,Traditional Shop,,
c66083e5-1cd2-4697-856b-31c3f1e3b00d,2024-12-03 16:25:33,fae74bc76cf6016774eb072b7ad97bb8,Dhaka,Pallabi,"Rice,Soybean Oil",72,,Packet,Miniket,Traditional Shop,,,,,,,,,,,,180,,Bottle,Traditional Shop,,,,,,,,,,,,,,,,,,,,,,,,,,,,,,,,,,,,,,,,,
228625d6-bc6c-4776-b20b-8ac43923c8d2,2024-12-02 12:06:00,24d4f26a0359322aa9de9b83d25d2875,Dhaka,Mohammadpur,"Rice,Lentil,Flour,Soybean Oil,Salt,Eggs,Potato,Onion,Green Chilli",73,,Packet,Miniket,Online/Supershop,Shwapno,60,,Packet,Online/Supershop,Shwapno,155,,Packet,Online/Supershop,Shwapno,167,,Bottle,Online/Supershop,Shwapno,42,,Packet,Online/Supershop,Shwapno,,,,,,,50,,Online/Supershop,Shwapno,,,,,,70,,New Potato,Online/Supershop,Shwapno,,,,,,120,,Deshi,Online/Supershop,Shwapno,100,,Online/Supershop,Shwapno,
d7ed0df1-13ae-4691-a3a5-55d0dafaffc8,2024-12-13 8:30:45,3c4da5d5300f1fadba9801b5e8828301,Dhaka,Mohammadpur,"Rice,Flour,Lentil,Soybean Oil,Sugar,Salt,Eggs,Chicken,Potato,Eggplant,Green Chilli,Onion",75,,Loose,Miniket,Online/Supershop,Shwapno,74,,Packet,Online/Supershop,Shwapno,165,,Packet,Online/Supershop,,180,,Bottle,Online/Supershop,Shwapno,35,,Packet,Online/Supershop,Shwapno,125,,Deshi,Packet,Online/Supershop,Shwapno,50,,Traditional Shop,,340,,Processed without skin,Online/Supershop,Shwapno,80,,New Potato,VAN,,120,,gol,VAN,,100,,Deshi,VAN,,75,,Online/Supershop,Shwapno,
70f25470-7afe-4eca-a9ac-0e4ed3bbecce,2024-12-13 10:25:14,def257dca811221bae96896a448afced,Naogaon,Mahadebpur,"Rice,Soybean Oil,Salt",80,,Loose,Miniket,Traditional Shop,,,,,,,,,,,,190,,Bottle,Traditional Shop,,60,,Packet,Traditional Shop,,,,,,,,,,,,,,,,,,,,,,,,,,,,,,,,,,,,Dummy
96ac0237-9540-4781-b6a0-0e4f873d191b,2024-12-13 10:34:37,2121cd939eb18e4942dc891e4d49dd06,Naogaon,Dhamoirhat,Chicken,,,,,,,,,,,,,,,,,,,,,,,,,,,,,,,,,,,,,165,,Live,Traditional Shop,,,,,,,,,,,,,,,,,,,,,
b52f7f5c-4bde-44d5-a339-390139cc0b3d,2024-12-13 10:35:37,2121cd939eb18e4942dc891e4d49dd06,Naogaon,Dhamoirhat,Chicken,,,,,,,,,,,,,,,,,,,,,,,,,,,,,,,,,,,,,290,,Live,Traditional Shop,,,,,,,,,,,,,,,,,,,,,
802d4279-8756-4136-8623-64916901f86e,2024-12-13 12:46:24,12bc8f52864c56c3dfbd8905a123f20c,Rajshahi,Matihar,Flour,,,,,,,56,,Packet,Traditional Shop,,,,,,,,,,,,,,,,,,,,,,,,,,,,,,,,,,,,,,,,,,,,,,,,,,,
71c3316e-9cfb-4e4c-bf4b-7de9c2acd876,2024-12-13 13:34:52,2121cd939eb18e4942dc891e4d49dd06,Rajshahi,Boalia,"Rice,Flour,Lentil,Soybean Oil,Salt,Sugar,Eggs,Chicken,Potato,Eggplant,Onion,Green Chilli",85,,Loose,Nazirshail,Traditional Shop,,48,,Packet,Traditional Shop,,105,,Loose,Traditional Shop,,170,,Loose,Traditional Shop,,25,,Loose,Traditional Shop,,128,,Deshi,Loose,Traditional Shop,,46,,Traditional Shop,,290,,Processed with skin,Traditional Shop,,120,,New Potato,Traditional Shop,,60,,,Traditional Shop,,70,,Indian,Traditional Shop,,80,,Traditional Shop,,
2c702645-a666-4b1a-a901-07a8f405beb5,2024-12-13 13:38:38,2121cd939eb18e4942dc891e4d49dd06,Rajshahi,Boalia,"Rice,Flour,Lentil,Salt,Eggs,Chicken,Potato,Eggplant,Onion",60,,Loose,Paijam,Traditional Shop,,60,,Loose,Traditional Shop,,110,,Loose,,,,,,,,40,,Packet,Traditional Shop,,,,,,,,48,,Traditional Shop,,180,,Processed with skin,Traditional Shop,,100,,New Potato,Traditional Shop,,50,,,Traditional Shop,,80,,Indian,Traditional Shop,,,,,,
e6f9d9fe-bd80-45e6-8b70-a5f4a9c4eda9,2024-12-13 13:40:36,2121cd939eb18e4942dc891e4d49dd06,Rajshahi,Boalia,"Rice,Lentil,Potato,Onion",60,,Loose,Swarna,Traditional Shop,,,,,,,130,,Loose,Traditional Shop,,,,,,,,,,,,,,,,,,,,,,,,,,,75,,Old Potato,Traditional Shop,,,,,,,90,,Deshi,Traditional Shop,,,,,,
df67a8c1-667c-4dd5-85ee-cc7e9609a3f1,2024-12-13 13:42:23,2121cd939eb18e4942dc891e4d49dd06,Rajshahi,Boalia,"Rice,Lentil",92,,Loose,Bashmoti,Traditional Shop,,,,,,,140,,Loose,Traditional Shop,,,,,,,,,,,,,,,,,,,,,,,,,,,,,,,,,,,,,,,,,,,,,,
3ba0f00c-3bd4-4756-b488-d1fcaaabc5c4,2024-12-13 15:26:53,173dcb872759ee4b05745b23a2e7ae34,Bogra,Nandigram,"Lentil,Soybean Oil,Eggs,Chicken,Potato,Onion",,,,,,,,,,,,140,,Loose,Traditional Shop,,185,,Bottle,Traditional Shop,,,,,,,,,,,,,50,,Traditional Shop,,200,,Live,Traditional Shop,,90,,New Potato,Traditional Shop,,,,,,,120,,Deshi,Traditional Shop,,,,,,
b4e4aabd-76e4-4a38-a698-1e3087011d56,2024-12-13 15:34:53,12bc8f52864c56c3dfbd8905a123f20c,Rajshahi,Matihar,"Potato,Onion,Green Chilli",,,,,,,,,,,,,,,,,,,,,,,,,,,,,,,,,,,,,,,,,,120,,Old Potato,Traditional Shop,,,,,,,110,,Deshi,Traditional Shop,,200,,Traditional Shop,,
872f17ff-5dd8-4778-bf4a-ffd3e43aed9d,2024-12-13 15:40:07,12bc8f52864c56c3dfbd8905a123f20c,Rajshahi,Matihar,"Chicken,Eggs",,,,,,,,,,,,,,,,,,,,,,,,,,,,,,,,,55,,Traditional Shop,,180,,Live,Traditional Shop,,,,,,,,,,,,,,,,,,,,,
76960816-b2b4-4cbc-8d7e-8543286948a2,2024-12-13 15:40:49,12bc8f52864c56c3dfbd8905a123f20c,Rajshahi,Rajpara,Green Chilli,,,,,,,,,,,,,,,,,,,,,,,,,,,,,,,,,,,,,,,,,,,,,,,,,,,,,,,,,150,,Traditional Shop,,
e78b4cba-d3e7-45a1-8ae0-d89ad27fb7b6,2024-12-13 15:56:07,12bc8f52864c56c3dfbd8905a123f20c,Bhola,Bhola Sadar,"Rice,Eggplant,Potato",55,,Loose,28,Traditional Shop,,,,,,,,,,,,,,,,,,,,,,,,,,,,,,,,,,,,,70,,Old Potato,Traditional Shop,,50,,,Traditional Shop,,,,,,,,,,,
5d0795f4-945c-426d-bb2a-7cae96d8c949,2024-12-13 15:57:30,12bc8f52864c56c3dfbd8905a123f20c,Bhola,Bhola Sadar,Potato,,,,,,,,,,,,,,,,,,,,,,,,,,,,,,,,,,,,,,,,,,100,,New Potato,Traditional Shop,,,,,,,,,,,,,,,,
5b25d21d-8238-4d78-8a27-6e6581528919,2024-12-13 16:01:51,12bc8f52864c56c3dfbd8905a123f20c,Bhola,Bhola Sadar,Lentil,,,,,,,,,,,,130,,Loose,Traditional Shop,,,,,,,,,,,,,,,,,,,,,,,,,,,,,,,,,,,,,,,,,,,,,,
81599a56-3da4-43f1-945f-960462cd7a7b,2024-12-13 18:25:03,2e714926004c88ebae4732420decc6ad,Rajshahi,Matihar,"Rice,Lentil,Soybean Oil,Flour,Salt,Sugar,Eggs,Chicken,Potato,Eggplant,Onion,Green Chilli",70,,Loose,Miniket,Traditional Shop,,44,,Loose,Traditional Shop,,120,,Loose,Traditional Shop,,170,,Bottle,Traditional Shop,,42,,Loose,Traditional Shop,,125,,Deshi,Loose,Traditional Shop,,46,,Traditional Shop,,160,,Processed with skin,Traditional Shop,,75,,Old Potato,Traditional Shop,,70,,  ,Traditional Shop,,130,,Deshi,Traditional Shop,,200,,Traditional Shop,,"???? ????? ??? ????? ?????? ????, ?????? ???? ?? ?????? ???????"
c6d2428d-6a21-42e6-a6c1-a545c20b5e02,2024-12-13 22:43:46,3f79451882db96a21d00211e6733ed69,Satkhira,Satkhira Sadar,"Eggs,Chicken",,,,,,,,,,,,,,,,,,,,,,,,,,,,,,,,,44,,Traditional Shop,,295,,Live,Traditional Shop,,,,,,,,,,,,,,,,,,,,,
99d8eed4-bcb3-43fb-a836-a58c82191724,2024-12-13 23:54:47,fac23943615c3724d0894d7c0fcbd59d,Dhaka,Badda,"Rice,Lentil,Soybean Oil,Green Chilli",60,,Loose,,,,,,,,,120,,Loose,Traditional Shop,,170,,Bottle,,,,,,,,,,,,,,,,,,,,,,,,,,,,,,,,,,,,,,100,,Traditional Shop,,Test entry
c40ab17b-aabb-4f96-9c27-e720a5b1ebc5,2024-12-14 3:30:14,99bb15d88bd10d920ac1935d4178f920,Rajshahi,Matihar,"Rice,Flour,Lentil,Soybean Oil,Salt,Sugar,Eggs,Chicken,Potato,Eggplant,Onion,Green Chilli",78,,Loose,Miniket,Traditional Shop,,70,,Packet,Traditional Shop,,120,,Loose,Traditional Shop,,210,,Bottle,Traditional Shop,,40,,Packet,Traditional Shop,,136,,Deshi,Loose,Traditional Shop,,46,,Traditional Shop,,225,,Processed with skin,Traditional Shop,,75,,Silbilati ,Traditional Shop,,55,,Desi ,Traditional Shop,,120,,Deshi,Traditional Shop,,90,,Traditional Shop,,"Add the Quantity please 
"
b7514333-d231-4679-8e63-b157f552a420,2024-12-14 5:13:42,d547544b4104adf9c8861778073e43bc,Rajshahi,Matihar,"Rice,Flour,Soybean Oil,Sugar,Chicken,Potato,Eggplant,Onion,Eggs,Green Chilli,Salt,Lentil",80,,,Nazirshail,Traditional Shop,,50,,Packet,Traditional Shop,,110,,Loose,Traditional Shop,,168,,Loose,Traditional Shop,,40,,Packet,Traditional Shop,,135,,Indian,Loose,Traditional Shop,,48,,Traditional Shop,,165,,Live,Traditional Shop,,80,,New Potato,Traditional Shop,,55,,Kanai,Traditional Shop,,80,,Deshi,Traditional Shop,,60,,Traditional Shop,,You can give some option for types of eggplant if it is mandatory. 
d2224997-eb09-4d6f-ad8c-501702c8349e,2024-12-14 6:36:30,3f79451882db96a21d00211e6733ed69,Dhaka,Mirpur,"Soybean Oil,Eggs,Chicken",,,,,,,,,,,,,,,,,200,,Bottle,Online/Supershop,Prince Bazar,,,,,,,,,,,,50,,Online/Supershop,Prince Bazar,300,,Processed with skin,Online/Supershop,Prince Bazar,,,,,,,,,,,,,,,,,,,,
f9d0eeca-12f8-4eba-8792-a77be4d9af71,2024-12-14 13:41:06,7b7a5d99d4b5c147a536d7fba7923a3f,Khulna,Sonadanga,"Rice,Flour,Lentil,Soybean Oil,Salt,Eggs,Chicken,Potato,Eggplant,Onion,Green Chilli",,,,,,,,,,,,,,,,,,,,,,,,,,,,,,,,,,,,,,,,,,,,,,,,,,,,,,,,,,,,,??????? ??? ???? ??
1525439c-f474-4598-98e0-648b57b5550c,2024-12-14 13:46:04,f73147df75234144d55243229ca6726b,Pabna,Sujanagar,"Rice,Flour,Soybean Oil,Lentil,Eggs,Sugar,Salt,Chicken,Potato,Green Chilli,Onion,Eggplant",70,,Loose,Miniket,Traditional Shop,,53,,Loose,Traditional Shop,,160,,Loose,Traditional Shop,,155,,Loose,Traditional Shop,,40,,Packet,Traditional Shop,,140,,Deshi,Loose,Traditional Shop,,50,,Traditional Shop,,350,,Processed without skin,Traditional Shop,,70,,New Potato,,,50,,??? ?????,Traditional Shop,,,,,,,,,,,
1060be3c-c5e8-4d8f-8d80-3da4d21ec5c1,2024-12-14 15:05:30,c15251cff68faccf4b27b37e8eb11447,Rajshahi,Matihar,"Potato,Onion,Eggplant,Green Chilli,Eggs",,,,,,,,,,,,,,,,,,,,,,,,,,,,,,,,,46,,Traditional Shop,,,,,,,100,,New Potato,Traditional Shop,,50,,,Traditional Shop,,100,,Deshi,Traditional Shop,,80,,Traditional Shop,,
03d65280-cf0d-4bd4-bfe8-64f171a50a13,2024-12-14 15:06:43,c15251cff68faccf4b27b37e8eb11447,Rajshahi,Matihar,Potato,,,,,,,,,,,,,,,,,,,,,,,,,,,,,,,,,,,,,,,,,,100,,New Potato,,,,,,,,,,,,,,,,,
ec8080d2-463e-4e0a-8be4-95080ddd775a,2024-12-14 16:28:54,572d1680512266ab142dd3e235069a1f,Rajshahi,Matihar,"Rice,Flour,Lentil,Soybean Oil,Salt,Sugar,Eggs,Chicken,Potato,Eggplant,Onion,Green Chilli",66,,Loose,Nazirshail,Traditional Shop,,56,,Packet,Traditional Shop,,140,,Loose,Traditional Shop,,173,,Bottle,Traditional Shop,,60,,Packet,Traditional Shop,,175,,Indian,Loose,Traditional Shop,,50,,Traditional Shop,,160,,Processed without skin,Traditional Shop,,70,,Old Potato,Traditional Shop,,80,,,Traditional Shop,,80,,Deshi,Traditional Shop,,300,,Traditional Shop,,????????????? ?????????? ??? ??????? ?????? ?????? ???? ????? ??? ?????? ????????? ???? ???? ??? ????????????? ????? ?????
abd44c22-82fd-495c-a375-8363add3029d,2024-12-14 17:45:45,a22c2220c8033db07993626412442c21,Chittagong,Khulshi,"Eggs,Chicken,Potato,Onion",,,,,,,,,,,,,,,,,,,,,,,,,,,,,,,,,52,,Traditional Shop,,180,,Processed without skin,Traditional Shop,,120,,New Potato,Traditional Shop,,,,,,,110,,Indian,Traditional Shop,,,,,,These goods are very essential for everyday's purpose.I suffer a lot to buy these goods because these goods are sold with exceedingly high price.I will be beneficial if these goods are sold with a reasonable price.
9d246480-ccca-426d-85be-8037fc3553dc,2024-12-15 12:50:21,fe131476aa453d8177177dbc868e8265,Rajshahi,Matihar,"Rice,Lentil,Soybean Oil,Salt,Eggs,Potato,Onion,Green Chilli",60,,Loose,Nazirshail,Traditional Shop,,,,,,,110,,Loose,Traditional Shop,,190,,Loose,Traditional Shop,,40,,Packet,Traditional Shop,,,,,,,,44,,Traditional Shop,,,,,,,80,,,,,,,,,,100,,Indian,Traditional Shop,,100,,Traditional Shop,,
19b375a0-13f7-4f6d-b49d-beda2e3ff268,2024-12-15 12:52:58,fe131476aa453d8177177dbc868e8265,Rajshahi,Matihar,"Rice,Soybean Oil,Lentil,Salt,Eggs,Potato,Onion,Green Chilli,Chicken",60,,Loose,Nazirshail,Traditional Shop,,,,,,,110,,Loose,Traditional Shop,,190,,Loose,Traditional Shop,,40,,Packet,Traditional Shop,,,,,,,,44,,Traditional Shop,,175,,Processed without skin,Traditional Shop,,80,,Old Potato,Traditional Shop,,,,,,,100,,Indian,Traditional Shop,,100,,Traditional Shop,,
e31975a8-1058-4d3a-bc59-56b284f266f2,2024-12-15 12:53:37,fe131476aa453d8177177dbc868e8265,Rajshahi,Matihar,Potato,,,,,,,,,,,,,,,,,,,,,,,,,,,,,,,,,,,,,,,,,,100,,New Potato,Traditional Shop,,,,,,,,,,,,,,,,
d2a048e9-5af7-4e55-bf88-77072f5b5c7f,2024-12-15 15:32:33,13b910257359c5741f6769b4318ada17,Dinajpur,Dinajpur Sadar,,,,,,,,,,,,,,,,,,,,,,,,,,,,,,,,,,,,,,,,,,,,,,,,,,,,,,,,,,,,,,
c9726901-0da6-4494-8c5b-044483bd8db8,2024-12-15 15:55:59,6e6f9ef504adb0630093d8a5d719a011,Gazipur,Kapasia,"Flour,Chicken",,,,,,,60,,Packet,Traditional Shop,,,,,,,,,,,,,,,,,,,,,,,,,,,130,,Processed without skin,Traditional Shop,,,,,,,,,,,,,,,,,,,,,
d2b19262-cab9-48f6-88e6-5895aef010a9,2024-12-15 17:09:11,8f727e87f94104529913eb9891509597,Gazipur,Kapasia,Eggs,,,,,,,,,,,,,,,,,,,,,,,,,,,,,,,,,50,,Traditional Shop,,,,,,,,,,,,,,,,,,,,,,,,,,
f9231d1c-e17d-42db-9443-fa8b88b1f53b,2024-12-15 17:39:30,2b8427508a9e3bcf9e579578f6629e08,Rajshahi,Boalia,"Onion,Green Chilli,Potato,Eggs",,,,,,,,,,,,,,,,,,,,,,,,,,,,,,,,,50,,Traditional Shop,,,,,,,75,,Old Potato,Traditional Shop,,,,,,,80,,Indian,Traditional Shop,,80,,Traditional Shop,,??? ???? ??????? ???? ????? ???? ?? ???????? ??????? ???? ???
5143d867-9747-43b1-9550-ca01d9a30337,2024-12-15 17:41:04,2b8427508a9e3bcf9e579578f6629e08,Rajshahi,Boalia,Rice,160,,Loose,????????? ,Traditional Shop,,,,,,,,,,,,,,,,,,,,,,,,,,,,,,,,,,,,,,,,,,,,,,,,,,,,,,,,
fe20c8d6-dbf4-435b-8b96-dd90bf4b3010,2024-12-17 3:41:34,0859ee7098b0fcd674aeb822126f986a,Dhaka,Badda,"Green Chilli,Onion,Eggs,Potato,Chicken,Salt,Soybean Oil,Flour,Lentil",,,,,,,70,,Packet,Online/Supershop,Daily Shopping,120,,Loose,Online/Supershop,Daily Shopping,167,,Bottle,Online/Supershop,Daily Shopping,42,,Packet,Online/Supershop,Daily Shopping,,,,,,,46,,Online/Supershop,Daily Shopping,355,,Processed without skin,Online/Supershop,Shwapno,76,,Old Potato,Online/Supershop,Daily Shopping,,,,,,120,,Indian,Traditional Shop,,100,,Traditional Shop,,
42b237c2-4fe3-489e-8d23-bdfc381a31cf,2024-12-17 4:42:32,886e897b7c9a8a66297d024a696f2c93,Bandarban,Alikadam,"Rice,Lentil,Salt,Soybean Oil,Sugar,Eggs,Potato,Eggplant,Onion,Green Chilli",52,,Loose,Atap,Traditional Shop,,,,,,,120,,Loose,Traditional Shop,,200,,Bottle,Traditional Shop,,50,,Packet,Traditional Shop,,140,,Deshi,Loose,Traditional Shop,,52,,Traditional Shop,,,,,,,80,,Old Potato,Traditional Shop,,50,,Deshi(gol),Traditional Shop,,220,,Deshi,Traditional Shop,,60,,Traditional Shop,,Good
2a402d5d-568b-44cf-9993-503758745d37,2024-12-17 13:37:44,cace0976269890ca006283f9703bae92,Jessore,Kotwali,Rice,70,,Loose,Miniket,Traditional Shop,,,,,,,,,,,,,,,,,,,,,,,,,,,,,,,,,,,,,,,,,,,,,,,,,,,,,,,,
92938f7d-9079-4835-8b8c-2977f4dd6e4a,2024-12-17 15:12:02,7ceac72b25b304a7f5f0783c2498e89a,Dhaka,Adabor,"Rice,Soybean Oil,Eggs,Potato,Onion,Green Chilli",63,,Sack 25Kg,Atash,Traditional Shop,,,,,,,,,,,,175,,Bottle,Traditional Shop,,,,,,,,,,,,,50,,Traditional Shop,,,,,,,75,,Old Potato,Traditional Shop,,,,,,,80,,Indian,Traditional Shop,,120,,Traditional Shop,,The purchase price depends on the quantity to be purchased. So I think this option could be added.
ddf9279c-9050-4a1b-aa80-7921fc510bcd,2024-12-17 16:48:40,2e714926004c88ebae4732420decc6ad,Rajshahi,Matihar,"Rice,Flour,Lentil,Salt,Soybean Oil,Sugar,Eggs,Chicken,Potato,Eggplant,Onion,Green Chilli",72,,Loose,Miniket,Traditional Shop,,44,,Loose,Traditional Shop,,130,,Loose,Traditional Shop,,170,,Bottle,Traditional Shop,,42,,Packet,Traditional Shop,,130,,Indian,Loose,Traditional Shop,,48,,Traditional Shop,,165,,Processed with skin,Traditional Shop,,80,,Old Potato,Traditional Shop,,80,,,Traditional Shop,,110,,Indian,Traditional Shop,,250,,Traditional Shop,,
d977bc28-f75d-4f41-bf13-1ff2b812055b,2024-12-17 17:38:38,b0090872a6819c04bf810bd47f50ede1,Rajshahi,Matihar,"Chicken,Eggplant,Onion,Green Chilli",,,,,,,,,,,,,,,,,,,,,,,,,,,,,,,,,,,,,160,,Live,Traditional Shop,,,,,,,60,,??? ?????,Traditional Shop,,90,,Deshi,Traditional Shop,,1500,,Traditional Shop,,
b38f6524-8ae1-441b-b42d-44854c0fdb29,2024-12-17 17:41:54,b0090872a6819c04bf810bd47f50ede1,Rajshahi,Matihar,"Rice,Chicken,Onion",68,,Loose,,Traditional Shop,,,,,,,,,,,,,,,,,,,,,,,,,,,,,,,,260,,Live,Traditional Shop,,,,,,,,,,,,120,,Indian,Traditional Shop,,,,,,
6da4bced-a1ea-463b-a670-42c611fc33db,2024-12-17 17:57:27,1ba449341f2d63845f26b9068933d082,Dhaka,Dhanmondi,,,,,,,,,,,,,,,,,,,,,,,,,,,,,,,,,,,,,,,,,,,,,,,,,,,,,,,,,,,,,,
bea6e2e5-c89d-4063-85e8-1c1151f07a1f,2024-12-18 4:39:03,2b8427508a9e3bcf9e579578f6629e08,Rajshahi,Boalia,"Rice,Eggs,Potato,Onion,Green Chilli",68,,Loose,,,,,,,,,,,,,,,,,,,,,,,,,,,,,,40,,Traditional Shop,,,,,,,70,,New Potato,Traditional Shop,,,,,,,70,,Deshi,Traditional Shop,,60,,Traditional Shop,,??? ??????????? ??? ?????
51af0feb-b78e-4085-ac2c-85fecf7455b2,2024-12-18 9:40:45,7559c00b13f4d46fd982b2b182878f9f,Dhaka,Mohammadpur,"Soybean Oil,Eggs,Potato,Onion",,,,,,,,,,,,,,,,,175,,Bottle,Traditional Shop,,,,,,,,,,,,,45,,Traditional Shop,,,,,,,80,,New Potato,Traditional Shop,,,,,,,100,,Deshi,Traditional Shop,,,,,,
3d87201b-4b22-48f8-a1b9-2d0855a5667b,2024-12-18 15:20:59,99bb15d88bd10d920ac1935d4178f920,Rangpur,Kotwali,"Rice,Flour,Lentil,Soybean Oil,Salt,Sugar,Eggs,Chicken,Potato,Onion",78,,Loose,Miniket,Traditional Shop,,70,,Packet,Traditional Shop,,120,,Loose,Traditional Shop,,210,,Bottle,Traditional Shop,,40,,Packet,Traditional Shop,,136,,Deshi,Packet,Traditional Shop,,46,,Traditional Shop,,225,,Processed without skin,Traditional Shop,,75,,New Potato,Traditional Shop,,,,,,,120,,Deshi,Traditional Shop,,,,,,Add quantity
2a796a9f-9e85-4613-b89a-524ba8699a08,2024-12-18 16:12:47,592b044c1703d539761e02611764d8ba,Rajshahi,Boalia,"Rice,Flour,Lentil,Soybean Oil,Salt,Sugar,Eggs,Chicken,Potato,Eggplant,Onion,Green Chilli",60,,Loose,,Traditional Shop,,45,,Loose,Traditional Shop,,130,,Loose,Traditional Shop,,200,,Loose,Traditional Shop,,40,,Packet,Traditional Shop,,130,,,Loose,Traditional Shop,,46,,Traditional Shop,,170,,Live,Traditional Shop,,80,,,Traditional Shop,,70,,,Traditional Shop,,80,,,Traditional Shop,,80,,Traditional Shop,,
f8f521f7-fafd-415a-94de-b0b36ca46e14,2024-12-18 17:22:12,a0c9335099245d8bbb3ca4e5ac7047bb,Rangpur,Rangpur Sadar,"Rice,Flour,Lentil,Soybean Oil,Salt,Sugar,Eggs,Chicken,Potato,Eggplant,Onion,Green Chilli",78,,Loose,Miniket,Traditional Shop,,60,,Packet,Online/Supershop,Shwapno,70,,Loose,Traditional Shop,,185,,Bottle,Traditional Shop,,50,,Packet,Traditional Shop,,120,,Deshi,Loose,Traditional Shop,,48,,Traditional Shop,,180,,Processed without skin,Traditional Shop,,70,,New Potato,Traditional Shop,,60,,,Traditional Shop,,120,,Deshi,Traditional Shop,,80,,Traditional Shop,,?????????? ?? ????? ????? ?????????? ?? ?????? ?????? ?????? ???? ??????
fecc3487-cbf0-4630-96c9-fd69d1aff791,2024-12-18 19:28:23,c15251cff68faccf4b27b37e8eb11447,Bagerhat,Fakirhat,"Rice,Flour,Lentil",-6666666,,,,,,5,,Loose,,,54,,Loose,Online/Supershop,Agora,,,,,,,,,,,,,,,,,,,,,,,,,,,,,,,,,,,,,,,,,,,,,"Testing, pls delete"
8af9ac34-b94b-4cb9-a539-0ca188f5fc0f,2024-12-19 3:31:32,da98aeea478e179817116d8e7c93f2ae,Chuadanga,Jiban Nagar,"Rice,Eggs,Lentil,Onion,Green Chilli",56,,Loose,,Traditional Shop,,,,,,,105,,Loose,Traditional Shop,,,,,,,,,,,,,,,,,,48,,Traditional Shop,,,,,,,,,,,,,,,,,120,,Deshi,Traditional Shop,,60,,Traditional Shop,,
3a161fa8-4815-40c4-bd70-bbdd776d62e9,2024-12-19 8:35:41,c15251cff68faccf4b27b37e8eb11447,Bagerhat,Bagerhat Sadar,Soybean Oil,,,,,,,,,,,,,,,,,,,,,,,,,,,,,,,,,,,,,,,,,,,,,,,,,,,,,,,,,,,,,
4d1f467c-3005-4609-a1d6-f0ae817142f8,2024-12-19 10:35:24,4fae513bd1ff426ef54a61fe24c57671,Dinajpur,Nawabganj,"Lentil,Soybean Oil,Sugar,Eggs,Chicken,Potato,Eggplant,Onion,Green Chilli",,,,,,,,,,,,130,,Loose,Traditional Shop,,195,,Bottle,Traditional Shop,,,,,,,130,,,Loose,Traditional Shop,,48,,Traditional Shop,,180,,Live,Traditional Shop,,80,,Old Potato,Traditional Shop,,50,,,Traditional Shop,,80,,Indian,Traditional Shop,,80,,Traditional Shop,,
00b4d60d-22e6-4059-b2ba-77674661e61a,2024-12-19 12:24:40,2b8427508a9e3bcf9e579578f6629e08,Rajshahi,Matihar,"Potato,Chicken,Rice",65,,Loose,,Traditional Shop,,,,,,,,,,,,,,,,,,,,,,,,,,,,,,,,170,,Live,Traditional Shop,,70,,Old Potato,Traditional Shop,,,,,,,,,,,,,,,,Dam onek beshi. Bazar wise dam vinno
f82eabf5-76ab-4dea-93bb-d1a5d300c4c4,2024-12-19 12:54:18,2b8427508a9e3bcf9e579578f6629e08,Rajshahi,Matihar,"Rice,Lentil,Soybean Oil,Chicken,Potato,Onion,Green Chilli",65,,Loose,Miniket,Traditional Shop,,,,,,,160,,Loose,Traditional Shop,,200,,Loose,Traditional Shop,,,,,,,,,,,,,,,,,165,,Live,Traditional Shop,,60,,Old Potato,Traditional Shop,,,,,,,60,,Deshi,Traditional Shop,,50,,Traditional Shop,,
dcf14ec7-b624-47ee-ba5f-a4f2cd221479,2024-12-19 12:58:19,2b8427508a9e3bcf9e579578f6629e08,Rajshahi,Matihar,"Green Chilli,Onion,Chicken",,,,,,,,,,,,,,,,,,,,,,,,,,,,,,,,,,,,,170,,Live,Traditional Shop,,,,,,,,,,,,140,,Indian,Traditional Shop,,80,,Traditional Shop,,
ec1635b1-d7a2-4b55-93c9-3cba1d5db6f6,2024-12-19 13:49:46,7ceac72b25b304a7f5f0783c2498e89a,Dhaka,Adabor,"Lentil,Chicken,Potato",,,,,,,,,,,,110,,Loose,Traditional Shop,,,,,,,,,,,,,,,,,,,,,,190,,Live,Traditional Shop,,75,,Old Potato,Traditional Shop,,,,,,,,,,,,,,,,"For lentil, it has two varieties deshi and indian. It was indian."
4646cc18-0584-4ac0-a3b3-3dfb41199a31,2024-12-19 14:57:45,3d23abb363856a27c7601fd6672bd5c0,Rajshahi,Durgapur,"Rice,Flour,Soybean Oil,Salt,Eggs,Chicken,Potato,Eggplant,Onion,Lentil,Green Chilli,Sugar",68,,Loose,Miniket,Traditional Shop,,60,,Packet,Traditional Shop,,130,,Loose,Traditional Shop,,180,,Bottle,Traditional Shop,,40,,Packet,Traditional Shop,,130,,Indian,Loose,Traditional Shop,,48,,Traditional Shop,,200,,Processed with skin,Traditional Shop,,90,,New Potato,Traditional Shop,,60,,,Traditional Shop,,80,,Deshi,Traditional Shop,,80,,Traditional Shop,,
c59399a8-5d15-4ccc-bc19-d435d9737aa8,2024-12-19 16:27:13,fae74bc76cf6016774eb072b7ad97bb8,Kushtia,Kushtia Sadar,"Rice,Flour,Lentil,Soybean Oil,Salt,Sugar,Eggs,Chicken,Potato,Eggplant,Onion,Green Chilli",68,,Loose,Miniket,Traditional Shop,,42,,Loose,Traditional Shop,,130,,Loose,Traditional Shop,,170,,Bottle,Traditional Shop,,45,,Packet,Traditional Shop,,150,,Deshi,Loose,Traditional Shop,,45,,Traditional Shop,,500,,Live,Traditional Shop,,70,,Old Potato,Traditional Shop,,60,,,Traditional Shop,,60,,Deshi,Traditional Shop,,80,,Traditional Shop,,
84b4a7e3-775a-4db0-af3f-7ff8a526fd9d,2024-12-19 16:38:34,440341c3c63400d2681133eca75ae6d4,Chuadanga,Damurhuda,"Rice,Soybean Oil,Salt,Sugar,Eggs,Flour,Lentil,Potato,Chicken,Eggplant,Onion,Green Chilli",70,,????? (?? ????),Miniket,Traditional Shop,,48,,Packet,Traditional Shop,,140,,Loose,Traditional Shop,,172,,Bottle,Traditional Shop,,38,,Packet,Traditional Shop,,125,,Pakisthani,Loose,Traditional Shop,,50,,Traditional Shop,,250,,Processed without skin,Traditional Shop,,100,,New Potato,Traditional Shop,,50,,???,Traditional Shop,,120,,Deshi,Traditional Shop,,110,,Traditional Shop,,????????? ????? ???? 
23b4a9e0-59a9-4968-be80-182063603f1e,2024-12-19 18:47:17,3166dcb07fff37f2ac8d17c4c940f8f5,Rajshahi,Matihar,"Rice,Flour,Soybean Oil,Salt,Sugar,Eggs,Chicken,Potato,Eggplant,Onion,Green Chilli",,,,,,,,,,,,,,,,,,,,,,,,,,,,,,,,,,,,,,,,,,,,,,,,,,,,,,,,,,,,,
ac519bf2-ca0d-4936-ab29-ef4186c427a4,2024-12-19 18:53:16,3166dcb07fff37f2ac8d17c4c940f8f5,Rajshahi,Matihar,"Rice,Eggs,Chicken,Potato,Onion,Green Chilli",80,,Loose,Nazirshail,Traditional Shop,,,,,,,,,,,,,,,,,,,,,,,,,,,,46,,Traditional Shop,,165,,Processed without skin,Traditional Shop,,75,,Old Potato,Traditional Shop,,,,,,,110,,Deshi,Traditional Shop,,80,,Traditional Shop,,
c7f0a9c6-50b2-49de-8b36-02d11b06c9d6,2024-12-20 3:39:20,b1d010371fae7901b9fd0ed15188a671,Rajshahi,Boalia,Rice,68,,Packet,Zira chal,Traditional Shop,,,,,,,,,,,,,,,,,,,,,,,,,,,,,,,,,,,,,,,,,,,,,,,,,,,,,,,,"?? ???? ?? ???? ????? ????? ?????????? ??? ???? ?????? ??? ???????? ??????? rate ? ??? ?? ????? ????? ????? ?? ??????? rate ?? ????? ???? difference ????? ?? differences ?? ??????? ????, ?????? ???????/ ????? ????? ????? ???? ???? ???? ???? ???"
23469788-b09a-47ac-b461-134b6363aa58,2024-12-20 8:21:58,2121cd939eb18e4942dc891e4d49dd06,Rajshahi,Boalia,"Soybean Oil,Chicken,Onion,Green Chilli",,,,,,,,,,,,,,,,,170,,Loose,Traditional Shop,,,,,,,,,,,,,,,,,180,,Live,Traditional Shop,,,,,,,,,,,,60,,Indian,Traditional Shop,,60,,Traditional Shop,,
6018b470-99a4-4d27-b1d3-a3d7b4181290,2024-12-20 12:24:06,f3798a91ad0d80d42d9454a067bf8e79,Naogaon,Naogaon Sadar,"Rice,Green Chilli,Onion,Potato,Lentil",70,,Loose,Jira,Traditional Shop,,,,,,,130,,Loose,Traditional Shop,,,,,,,,,,,,,,,,,,,,,,,,,,,70,,New Potato,Traditional Shop,,,,,,,80,,Deshi,Traditional Shop,,80,,Traditional Shop,,
e7ceb2ea-d590-490d-948a-3be6f2a46554,2024-12-20 15:22:38,da557a26314e56428547eb9e7598d675,Bogra,Bogra Sadar,Eggs,,,,,,,,,,,,,,,,,,,,,,,,,,,,,,,,,45,,Traditional Shop,,,,,,,,,,,,,,,,,,,,,,,,,,
0570df77-01cf-4769-9c06-58801d3e56da,2024-12-21 8:53:47,2b8427508a9e3bcf9e579578f6629e08,Rajshahi,Boalia,Chicken,,,,,,,,,,,,,,,,,,,,,,,,,,,,,,,,,,,,,190,,Live,Traditional Shop,,,,,,,,,,,,,,,,,,,,,
8612fcfc-368e-4c9f-a1a5-a9562813b98e,2024-12-21 11:56:21,c15251cff68faccf4b27b37e8eb11447,Rajshahi,Boalia,"Eggs,Flour,Sugar",,,,,,,43,,Packet,Traditional Shop,,,,,,,,,,,,,,,,,135,,Deshi,Packet,Traditional Shop,,44,,Traditional Shop,,,,,,,,,,,,,,,,,,,,,,,,,,
1692dbc9-50cc-4fc0-8259-ab12afa8b12c,2024-12-21 17:12:54,f0a655c83df418c338ce9002265022e7,Dhaka,Keraniganj,"Rice,Flour,Soybean Oil,Eggs,Chicken,Potato,Eggplant,Onion",80,,Packet,Nazirshail,Traditional Shop,,40,,Loose,Traditional Shop,,,,,,,170,,Bottle,Traditional Shop,,,,,,,,,,,,,50,,Traditional Shop,,220,,Live,Traditional Shop,,50,,New Potato,Traditional Shop,,50,,gol,Traditional Shop,,90,,Deshi,Traditional Shop,,,,,,
37ff0541-0c37-467a-b06e-c4dfa426cc66,2024-12-21 17:30:03,4fae513bd1ff426ef54a61fe24c57671,Dinajpur,Dinajpur Sadar,"Rice,Flour,Lentil,Soybean Oil,Salt,Eggs,Chicken,Potato,Eggplant,Onion,Green Chilli",65,,Loose,,Traditional Shop,,70,,Loose,Traditional Shop,,135,,Loose,Traditional Shop,,165,,Bottle,Traditional Shop,,42,,Packet,Traditional Shop,,,,,,,,48,,Traditional Shop,,300,,Processed without skin,Traditional Shop,,65,,Old Potato,Traditional Shop,,50,,,Traditional Shop,,80,,Indian,Traditional Shop,,100,,Traditional Shop,,
ba7c47dd-9b06-4716-b3e9-286b22bb42b4,2024-12-21 17:33:24,4fae513bd1ff426ef54a61fe24c57671,Dinajpur,Dinajpur Sadar,"Rice,Flour,Lentil,Soybean Oil,Chicken,Eggplant,Onion",72,,Loose,,Traditional Shop,,75,,Packet,Traditional Shop,,140,,Loose,Traditional Shop,,180,,Loose,Traditional Shop,,,,,,,,,,,,,,,,,165,,Live,Traditional Shop,,,,,,,55,,,Traditional Shop,,90,,Deshi,Traditional Shop,,,,,,
b66cfbcb-dd5c-4de5-85fe-6b80012e530d,2024-12-22 14:49:33,da98aeea478e179817116d8e7c93f2ae,Chuadanga,Jiban Nagar,"Rice,Soybean Oil,Potato,Green Chilli",56,,Loose,,Traditional Shop,,,,,,,,,,,,172,,Bottle,Traditional Shop,,,,,,,,,,,,,,,,,,,,,,70,,New Potato,Traditional Shop,,,,,,,,,,,,60,,Traditional Shop,,
fcd426ad-c73a-40fc-ab59-f0308180474f,2024-12-22 15:20:00,4fae513bd1ff426ef54a61fe24c57671,Rajshahi,Boalia,"Chicken,Potato,Eggplant,Onion,Green Chilli",,,,,,,,,,,,,,,,,,,,,,,,,,,,,,,,,,,,,165,,Live,Traditional Shop,,80,,New Potato,Traditional Shop,,50,,,Traditional Shop,,100,,Deshi,Traditional Shop,,100,,Traditional Shop,,
2342d437-2ef6-4c6e-a565-9fa566c012c6,2024-12-23 2:51:21,7ceac72b25b304a7f5f0783c2498e89a,Dhaka,Adabor,"Chicken,Potato",,,,,,,,,,,,,,,,,,,,,,,,,,,,,,,,,,,,,200,,Live,Traditional Shop,,80,,New Potato,Traditional Shop,,,,,,,,,,,,,,,,
a5f6f11b-84bb-4e14-9996-4e574354330d,2024-12-23 5:10:18,b0090872a6819c04bf810bd47f50ede1,Rajshahi,Matihar,"Rice,Eggs,Potato",90,,Loose,Nazirshail,Traditional Shop,,,,,,,,,,,,,,,,,,,,,,,,,,,,46,,Traditional Shop,,,,,,,70,,New Potato,Traditional Shop,,,,,,,,,,,,,,,,
94ba4f51-7d84-4c04-a74e-0304a116703e,2024-12-23 19:00:30,4fae513bd1ff426ef54a61fe24c57671,Dinajpur,Nawabganj,"Onion,Potato",,,,,,,,,,,,,,,,,,,,,,,,,,,,,,,,,,,,,,,,,,60,,New Potato,Traditional Shop,,,,,,,60,,Deshi,Traditional Shop,,,,,,
2cded36d-9c5d-49d7-acec-e7ba6d7c0be5,2024-12-24 0:57:37,b418c84c822c5c94b4d00209baf0a8ec,Cox'S Bazar,Ukhia,"Rice,Flour,Lentil,Soybean Oil,Salt,Sugar,Eggs,Chicken,Potato,Eggplant,Onion,Green Chilli",65,,Loose,Miniket,Traditional Shop,,58,,Loose,Traditional Shop,,140,,Loose,Traditional Shop,,180,,Bottle,Traditional Shop,,45,,Packet,Traditional Shop,,150,,Indian,Loose,Traditional Shop,,52,,Traditional Shop,,180,,Live,Traditional Shop,,70,,New Potato,Traditional Shop,,60,,Gol ,Traditional Shop,,90,,Deshi,Traditional Shop,,120,,Traditional Shop,,
f2ef47cc-b6b9-48a9-8b67-f5c476aa8378,2024-12-24 14:34:10,b1d010371fae7901b9fd0ed15188a671,Rajshahi,Matihar,Potato,,,,,,,,,,,,,,,,,,,,,,,,,,,,,,,,,,,,,,,,,,65,,New Potato,Traditional Shop,,,,,,,,,,,,,,,,
947aa9ce-5256-4f49-b3d3-4013d6f62810,2024-12-24 14:35:20,b1d010371fae7901b9fd0ed15188a671,Rajshahi,Matihar,Eggs,,,,,,,,,,,,,,,,,,,,,,,,,,,,,,,,,44,,Traditional Shop,,,,,,,,,,,,,,,,,,,,,,,,,,
0ad68c9f-4ccc-4805-a070-aa1f3c20a455,2024-12-24 16:09:57,fe131476aa453d8177177dbc868e8265,Comilla,Comilla Adarsha Sadar,"Rice,Flour,Lentil,Soybean Oil,Salt,Sugar,Eggs,Chicken,Potato,Eggplant,Onion,Green Chilli",65,,Loose,Miniket,Traditional Shop,,45,,Packet,Traditional Shop,,100,,Loose,Traditional Shop,,210,,Bottle,Traditional Shop,,42,,Packet,Traditional Shop,,130,,Indian,Loose,Traditional Shop,,50,,Traditional Shop,,165,,Processed with skin,Traditional Shop,,70,,New Potato,Traditional Shop,,50,,,Traditional Shop,,70,,Indian,Traditional Shop,,80,,Traditional Shop,,
4991e9a2-2be9-4a0a-8cf5-773e72cc80da,2024-12-25 16:15:58,3664914227ca01da8f9ef9f8beafd0de,Magura,Sreepur,Eggs,,,,,,,,,,,,,,,,,,,,,,,,,,,,,,,,,48,,Traditional Shop,,,,,,,,,,,,,,,,,,,,,,,,,,
061af77e-cb04-4b69-a065-d64bcda61416,2024-12-25 20:07:42,4967a500b3dfcc1bd2ff55e257da144b,Dhaka,Mirpur,Soybean Oil,,,,,,,,,,,,,,,,,180,,Bottle,Traditional Shop,,,,,,,,,,,,,,,,,,,,,,,,,,,,,,,,,,,,,,,,,Fresh Soybean Oil
c0a0c551-1ab8-4094-a004-58822f1879a4,2024-12-26 4:18:15,12bc8f52864c56c3dfbd8905a123f20c,Rajshahi,Boalia,"Potato,Onion",,,,,,,,,,,,,,,,,,,,,,,,,,,,,,,,,,,,,,,,,,60,,Old Potato,Traditional Shop,,,,,,,60,,Deshi,Traditional Shop,,,,,,"It was an unusual price at the Shaheb bazar market. Normally the price of onion is more than 110tk per kg. 
The data is from 24th December 2024. "
c000d8b9-9f01-4bc3-a388-d6702257a550,2024-12-26 5:19:30,32b27bb857f6895822425dd993bb2ba0,Rajshahi,Matihar,Eggs,,,,,,,,,,,,,,,,,,,,,,,,,,,,,,,,,45,,Traditional Shop,,,,,,,,,,,,,,,,,,,,,,,,,,
58d9c42c-1188-46c3-a71e-6e260525d418,2024-12-26 5:57:29,32b27bb857f6895822425dd993bb2ba0,Rajshahi,Matihar,"Flour,Rice,Lentil,Soybean Oil,Salt,Sugar,Eggs,Chicken,Potato,Eggplant,Onion,Green Chilli",75,,Loose,Miniket,Traditional Shop,,40,,Loose,Traditional Shop,,130,,Loose,Traditional Shop,,170,,Loose,Traditional Shop,,40,,Packet,Traditional Shop,,130,,Deshi,Loose,Traditional Shop,,45,,Traditional Shop,,160,,Processed without skin,Traditional Shop,,60,,New Potato,Traditional Shop,,40,,Deshi,Traditional Shop,,60,,Deshi,Traditional Shop,,80,,Traditional Shop,,
2cf3ab95-3d0b-4321-8988-a56986ec3fa3,2024-12-26 6:33:06,b0fc6421227d3f112057cd5dda376f36,Barisal,Babuganj,"Rice,Flour,Lentil,Soybean Oil,Salt,Sugar,Eggs,Chicken,Potato,Eggplant,Onion,Green Chilli",75,,Loose,Miniket,Traditional Shop,,65,,Packet,Traditional Shop,,110,,Loose,Traditional Shop,,200,,Bottle,Traditional Shop,,40,,Packet,Traditional Shop,,130,,Deshi,Loose,Traditional Shop,,50,,Traditional Shop,,300,,,Traditional Shop,,60,,New Potato,Traditional Shop,,60,,????,Traditional Shop,,90,,Deshi,Traditional Shop,,60,,Traditional Shop,,
b85ff01e-3e9b-4e7f-aa14-1a3f80fa90ca,2024-12-26 11:51:08,99e66a42ebe1fb52c2e80253943a7649,Dhaka,Demra,"Rice,Flour,Lentil,Soybean Oil,Salt,Sugar,Eggs,Potato,Eggplant,Onion,Green Chilli,Chicken",80,,,Nazirshail,Traditional Shop,,55,,,Traditional Shop,,120,,,Traditional Shop,,200,,,Traditional Shop,,40,,,Traditional Shop,,145,,Indian,,Traditional Shop,,60,,Traditional Shop,,190,,Processed without skin,Traditional Shop,,50,,New Potato,Traditional Shop,,70,,Round,Traditional Shop,,80,,Indian,Traditional Shop,,180,,Traditional Shop,,
ac11ee58-38aa-4ae8-b88c-57358b75698a,2024-12-26 18:21:47,3664914227ca01da8f9ef9f8beafd0de,Rajshahi,Matihar,"Potato,Green Chilli",,,,,,,,,,,,,,,,,,,,,,,,,,,,,,,,,,,,,,,,,,55,,New Potato,Traditional Shop,,,,,,,,,,,,80,,Traditional Shop,,
84751893-635a-410b-bd52-b736911ff443,2024-12-26 18:45:39,878762455ac497963ccd6ef96aa1a6bc,Nawabganj,Shibganj,Green Chilli,,,,,,,,,,,,,,,,,,,,,,,,,,,,,,,,,,,,,,,,,,,,,,,,,,,,,,,,,80,,Traditional Shop,,
8a29a073-804d-4e26-ae4e-3984253c711b,2024-12-27 1:53:19,572d1680512266ab142dd3e235069a1f,Gazipur,Kapasia,"Flour,Soybean Oil,Eggs,Chicken,Potato,Green Chilli",,,,,,,55,,Packet,Traditional Shop,,,,,,,190,,Bottle,Traditional Shop,,,,,,,,,,,,,50,,Traditional Shop,,190,,Processed with skin,Traditional Shop,,70,,New Potato,Traditional Shop,,,,,,,,,,,,60,,Traditional Shop,,
d61fed46-069d-4bf1-8208-7e16ca7ef942,2024-12-27 2:13:01,fe131476aa453d8177177dbc868e8265,Comilla,Comilla Adarsha Sadar,"Rice,Flour,Lentil,Soybean Oil,Salt,Sugar,Eggs,Potato,Onion,Green Chilli",65,,Loose,Miniket,Traditional Shop,,45,,Packet,Traditional Shop,,110,,Loose,Traditional Shop,,205,,Bottle,Traditional Shop,,40,,Packet,Traditional Shop,,135,,Indian,Loose,Traditional Shop,,48,,Traditional Shop,,,,,,,70,,New Potato,Traditional Shop,,,,,,,60,,Indian,Traditional Shop,,80,,Traditional Shop,,
4a96ae63-a93f-4830-bf9d-c4503b1389f1,2024-12-27 9:21:19,12bc8f52864c56c3dfbd8905a123f20c,Rajshahi,Boalia,Green Chilli,,,,,,,,,,,,,,,,,,,,,,,,,,,,,,,,,,,,,,,,,,,,,,,,,,,,,,,,,60,,Online/Supershop,Shwapno,This price was on offer from 23-26 December. (VAT Excluded) 
e9254abf-a3ef-4ef9-b786-51aed81f9102,2024-12-28 1:42:22,fda44baf452965c9df6c0ec4a0a24241,Dhaka,Gulshan,Onion,,,,,,,,,,,,,,,,,,,,,,,,,,,,,,,,,,,,,,,,,,,,,,,,,,,,120,,Deshi,Traditional Shop,,,,,,
9e755371-50f4-4956-a928-1ba72c9b18f1,2024-12-28 12:13:24,32d18ae835e669ee7a1c08eb59082765,Nawabganj,Shibganj,"Soybean Oil,Salt,Eggs,Chicken,Potato,Eggplant,Onion,Green Chilli",,,,,,,,,,,,,,,,,172,,Bottle,Traditional Shop,,40,,Packet,Traditional Shop,,,,,,,,60,,Traditional Shop,,315,,Live,Traditional Shop,,60,,New Potato,Traditional Shop,,20,,???? ,Traditional Shop,,40,,Deshi,Traditional Shop,,80,,Traditional Shop,,
64d52195-28e0-47d5-8271-59389ac9335a,2024-12-28 12:29:12,173dcb872759ee4b05745b23a2e7ae34,Bogra,Nandigram,"Flour,Lentil,Soybean Oil,Salt,Sugar,Potato,Onion,Green Chilli",,,,,,,60,,Packet,Traditional Shop,,140,,Packet,Traditional Shop,,200,,Bottle,Traditional Shop,,40,,Packet,Traditional Shop,,130,,Deshi,Packet,Traditional Shop,,,,,,,,,,,65,,New Potato,Traditional Shop,,,,,,,50,,Deshi,Traditional Shop,,60,,Traditional Shop,,
1f2399f8-df23-4ade-9d85-fe0ef90581d5,2024-12-29 10:55:11,2121cd939eb18e4942dc891e4d49dd06,Naogaon,Dhamoirhat,Eggs,,,,,,,,,,,,,,,,,,,,,,,,,,,,,,,,,48,,Traditional Shop,,,,,,,,,,,,,,,,,,,,,,,,,,
111d4957-a14c-4d2c-b71b-510e3e93b106,2024-12-29 14:57:16,b1d010371fae7901b9fd0ed15188a671,Rajshahi,Matihar,Onion,,,,,,,,,,,,,,,,,,,,,,,,,,,,,,,,,,,,,,,,,,,,,,,,,,,,60,,Deshi,,,,,,,
293f4c95-e57b-473f-8e42-32f43a408828,2024-12-29 15:12:09,b1d010371fae7901b9fd0ed15188a671,Bogra,Nandigram,Onion,,,,,,,,,,,,,,,,,,,,,,,,,,,,,,,,,,,,,,,,,,,,,,,,,,,,50,,Deshi,,,,,,,
7ea59c49-0737-4411-97e2-8ec773c796ef,2024-12-29 15:52:17,c15251cff68faccf4b27b37e8eb11447,Rajshahi,Boalia,"Green Chilli,Eggplant",,,,,,,,,,,,,,,,,,,,,,,,,,,,,,,,,,,,,,,,,,,,,,,40,,,Traditional Shop,,,,,,,80,,Traditional Shop,,
feed8758-f182-49b1-9719-d37c5b236767,2024-12-29 17:53:55,fae74bc76cf6016774eb072b7ad97bb8,Rajshahi,Boalia,"Lentil,Soybean Oil,Potato,Eggplant,Onion,Green Chilli,Salt",,,,,,,,,,,,140,,Loose,Traditional Shop,,178,,Bottle,Traditional Shop,,,,,,,,,,,,,,,,,,,,,,40,,New Potato,Traditional Shop,,20,,?????????,Traditional Shop,,55,,Deshi,Traditional Shop,,40,,Traditional Shop,,
0d0c12a3-2709-462b-a6f7-37fc17167c27,2024-12-30 4:32:18,b0090872a6819c04bf810bd47f50ede1,Rajshahi,Matihar,"Lentil,Soybean Oil,Eggs,Potato",,,,,,,,,,,,170,,Loose,Traditional Shop,,170,,Loose,Traditional Shop,,,,,,,,,,,,,44,,Traditional Shop,,,,,,,50,,New Potato,Traditional Shop,,,,,,,,,,,,,,,,
284e84b7-0256-451a-8419-ccda327a9498,2024-12-30 11:53:49,2121cd939eb18e4942dc891e4d49dd06,Naogaon,Dhamoirhat,"Soybean Oil,Sugar",,,,,,,,,,,,,,,,,190,,Bottle,Traditional Shop,,,,,,,125,,Deshi,Loose,Traditional Shop,,,,,,,,,,,,,,,,,,,,,,,,,,,,,,
530c13f4-970d-44c1-be15-77bf2ede0186,2024-12-30 11:58:39,2121cd939eb18e4942dc891e4d49dd06,Naogaon,Dhamoirhat,"Potato,Eggplant,Onion,Green Chilli,Chicken",,,,,,,,,,,,,,,,,,,,,,,,,,,,,,,,,,,,,170,,Live,Traditional Shop,,40,,New Potato,Traditional Shop,,30,,,Traditional Shop,,50,,Indian,Traditional Shop,,60,,Traditional Shop,,
6a539172-27a7-45b7-bdae-66d2d092c2f0,2024-12-30 12:00:42,2121cd939eb18e4942dc891e4d49dd06,Naogaon,Dhamoirhat,"Chicken,Potato",,,,,,,,,,,,,,,,,,,,,,,,,,,,,,,,,,,,,280,,Live,Traditional Shop,,50,,New Potato,Traditional Shop,,,,,,,,,,,,,,,,
7808194f-0787-4735-81db-cc8f905559ac,2024-12-30 13:22:43,8dfcd663955096c2ed95e02e2efc5591,Rajshahi,Matihar,Chicken,,,,,,,,,,,,,,,,,,,,,,,,,,,,,,,,,,,,,180,,Live,Traditional Shop,,,,,,,,,,,,,,,,,,,,,
30b7eb26-f5ce-4ced-97b9-ca1d5f934ed1,2024-12-31 14:22:09,b1d010371fae7901b9fd0ed15188a671,Rajshahi,Paba,Onion,,,,,,,,,,,,,,,,,,,,,,,,,,,,,,,,,,,,,,,,,,,,,,,,,,,,60,,Deshi,,,,,,,
fd2bf233-5878-498b-a3de-0ff406a2dd6a,2024-12-31 14:24:16,d547544b4104adf9c8861778073e43bc,Rajshahi,Boalia,"Rice,Flour,Lentil,Eggs,Chicken,Potato,Onion,Green Chilli",65,,Loose,Miniket,Traditional Shop,,50,,Packet,Traditional Shop,,120,,Loose,Traditional Shop,,,,,,,,,,,,,,,,,,44,,Traditional Shop,,175,,Processed with skin,Traditional Shop,,45,,New Potato,Traditional Shop,,,,,,,60,,Deshi,Traditional Shop,,40,,Traditional Shop,,
35cba46b-fd33-45ef-b899-b7f702178481,2024-12-31 15:52:12,572d1680512266ab142dd3e235069a1f,Dhaka,Uttara,"Green Chilli,Potato,Onion",,,,,,,,,,,,,,,,,,,,,,,,,,,,,,,,,,,,,,,,,,,,,,,,,,,,,,,,,,,,,
77665678-3463-40de-8b47-87e68647e7fa,2024-12-31 15:55:12,572d1680512266ab142dd3e235069a1f,Rajshahi,Matihar,"Potato,Onion,Green Chilli",,,,,,,,,,,,,,,,,,,,,,,,,,,,,,,,,,,,,,,,,,50,,New Potato,Traditional Shop,,,,,,,50,,Deshi,Traditional Shop,,60,,Traditional Shop,,
7796c340-1004-4a0d-a51e-164e321a58fb,2024-12-31 16:02:16,dba26acade9e3f74e95aacca32cb7e9d,Naogaon,Dhamoirhat,"Salt,Sugar,Eggs",,,,,,,,,,,,,,,,,,,,,,40,,Packet,Traditional Shop,,125,,Deshi,Loose,Traditional Shop,,48,,Traditional Shop,,,,,,,,,,,,,,,,,,,,,,,,,,
33573d86-2678-4f06-88c1-d51bd635223f,2025-01-01 4:14:27,12bc8f52864c56c3dfbd8905a123f20c,Rajshahi,Matihar,"Rice,Chicken",120,,Loose,,Traditional Shop,,,,,,,,,,,,,,,,,,,,,,,,,,,,,,,,180,,Live,Traditional Shop,,,,,,,,,,,,,,,,,,,,,
4b70b4b2-58d2-4f92-9928-5f68d51a08a1,2025-01-01 4:36:59,12bc8f52864c56c3dfbd8905a123f20c,Rajshahi,Matihar,"Potato,Onion",,,,,,,,,,,,,,,,,,,,,,,,,,,,,,,,,,,,,,,,,,50,,New Potato,Traditional Shop,,,,,,,80,,Deshi,Traditional Shop,,,,,,"31st December, 2024 "
60aae71e-0c12-4b5b-9f6c-f54e785a373b,2025-01-01 9:27:48,2121cd939eb18e4942dc891e4d49dd06,Naogaon,Dhamoirhat,Lentil,,,,,,,,,,,,120,,Loose,Traditional Shop,,,,,,,,,,,,,,,,,,,,,,,,,,,,,,,,,,,,,,,,,,,,,,
5615b6f1-58b4-4cbd-b9dd-f76bc97a667d,2025-01-01 10:11:50,b1d010371fae7901b9fd0ed15188a671,Rajshahi,Paba,"Rice,Soybean Oil",72,,,,Traditional Shop,,,,,,,,,,,,180,,Loose,Traditional Shop,,,,,,,,,,,,,,,,,,,,,,,,,,,,,,,,40,,Deshi,Traditional Shop,,,,,,
f58435d0-057f-4aea-a6ae-964eab218707,2025-01-01 11:12:28,12bc8f52864c56c3dfbd8905a123f20c,Rajshahi,Matihar,"Salt,Potato,Onion,Soybean Oil",,,,,,,,,,,,,,,,,98,,Loose,Traditional Shop,,40,,Packet,Traditional Shop,,,,,,,,,,,,,,,,,50,,New Potato,Traditional Shop,,,,,,,60,,Deshi,Traditional Shop,,,,,,31st December 
15cf9a50-a5d1-46b2-be55-10803a30b922,2025-01-01 11:13:13,12bc8f52864c56c3dfbd8905a123f20c,Rajshahi,Matihar,Onion,,,,,,,,,,,,,,,,,,,,,,,,,,,,,,,,,,,,,,,,,,,,,,,,,,,,80,,Indian,Traditional Shop,,,,,,31st December 
c501d54c-dac0-4009-9d7f-f6d3709c59b9,2025-01-01 12:50:06,3d23abb363856a27c7601fd6672bd5c0,Rajshahi,Durgapur,"Soybean Oil,Sugar,Eggs,Potato,Onion,Green Chilli",,,,,,,,,,,,,,,,,175,,Bottle,Traditional Shop,,,,,,,135,,Indian,Loose,Traditional Shop,,46,,Traditional Shop,,,,,,,60,,New Potato,Traditional Shop,,,,,,,55,,Deshi,Traditional Shop,,60,,Traditional Shop,,
038cf941-2a95-4dc7-9f96-50678fdb0acc,2025-01-01 14:50:33,def257dca811221bae96896a448afced,Naogaon,Mahadebpur,"Green Chilli,Onion,Eggplant,Eggs,Soybean Oil",,,,,,,,,,,,,,,,,200,,Loose,Traditional Shop,,,,,,,,,,,,,55,,Traditional Shop,,,,,,,,,,,,30,,,Traditional Shop,,60,,Deshi,Traditional Shop,,40,,Traditional Shop,,
05e90043-916e-4c05-8e1f-6cfc771dc186,2025-01-02 6:55:00,2121cd939eb18e4942dc891e4d49dd06,Naogaon,Dhamoirhat,"Chicken,Potato,Eggplant,Onion,Green Chilli",,,,,,,,,,,,,,,,,,,,,,,,,,,,,,,,,,,,,180,,Live,Traditional Shop,,50,,New Potato,Traditional Shop,,60,,,Traditional Shop,,60,,Indian,Traditional Shop,,60,,Traditional Shop,,
02246c6a-414a-44b2-bd15-403a9b7da7d9,2025-01-02 10:52:14,b0090872a6819c04bf810bd47f50ede1,Rajshahi,Matihar,"Rice,Soybean Oil,Eggs,Chicken",75,,Loose,Miniket,Traditional Shop,,,,,,,,,,,,175,,Bottle,Traditional Shop,,,,,,,,,,,,,44,,Traditional Shop,,185,,Live,Traditional Shop,,,,,,,,,,,,,,,,,,,,,
0b09616e-a266-4358-88fe-f34035a74c79,2025-01-03 8:56:39,def257dca811221bae96896a448afced,Naogaon,Dhamoirhat,"Eggplant,Potato,Onion,Chicken",,,,,,,,,,,,,,,,,,,,,,,,,,,,,,,,,,,,,300,,Live,Traditional Shop,,60,,New Potato,Traditional Shop,,20,,,Traditional Shop,,60,,Indian,Traditional Shop,,,,,,
c09f20a0-dcd5-4a83-a6f9-29295dd1033f,2025-01-04 13:39:07,b1d010371fae7901b9fd0ed15188a671,Rajshahi,Matihar,"Rice,Lentil,Onion,Eggplant,Green Chilli,Potato",72,,Loose,,Traditional Shop,,,,,,,115,,Loose,Traditional Shop,,,,,,,,,,,,,,,,,,,,,,,,,,,30,,Old Potato,Traditional Shop,,30,,Mota,Traditional Shop,,40,,Deshi,Traditional Shop,,,,,,
fd14bdd8-ae0a-421e-9e42-7e6bd301cc31,2025-01-04 13:40:00,b1d010371fae7901b9fd0ed15188a671,Rajshahi,Matihar,Onion,,,,,,,,,,,,,,,,,,,,,,,,,,,,,,,,,,,,,,,,,,,,,,,,,,,,60,,Deshi,,,,,,,
bd16acde-a758-43b1-995a-43e8bacbcc5b,2025-01-05 16:34:55,064ab8f300fb2dfb5ec142f1afde61ed,Bogra,Bogra Sadar,Onion,,,,,,,,,,,,,,,,,,,,,,,,,,,,,,,,,,,,,,,,,,,,,,,,,,,,50,,Indian,Traditional Shop,,,,,,well price is reasonable 
3305c7f6-1882-4f1c-bc00-dbe1939f3068,2025-01-06 7:33:46,886e897b7c9a8a66297d024a696f2c93,Gaibandha,Sadullapur,Potato,,,,,,,,,,,,,,,,,,,,,,,,,,,,,,,,,,,,,,,,,,30,,New Potato,Traditional Shop,,,,,,,,,,,,,,,,
0d56c674-43b8-4f60-a1bb-8fb8907c31aa,2025-01-06 7:36:22,886e897b7c9a8a66297d024a696f2c93,Gaibandha,Sadullapur,"Eggplant,Onion,Green Chilli",,,,,,,,,,,,,,,,,,,,,,,,,,,,,,,,,,,,,,,,,,,,,,,30,,??? ????? ,Traditional Shop,,50,,Deshi,Traditional Shop,,30,,Traditional Shop,,
dd895f63-b508-4090-be55-e7de70902b80,2025-01-06 7:52:46,886e897b7c9a8a66297d024a696f2c93,Gaibandha,Sadullapur,"Rice,Flour,Lentil,Soybean Oil,Salt,Sugar,Eggs,Chicken",65,,Loose,28,Traditional Shop,,50,,Packet,Traditional Shop,,140,,Loose,Traditional Shop,,185,,Loose,Traditional Shop,,40,,Packet,Traditional Shop,,125,,Deshi,Loose,Traditional Shop,,45,,Traditional Shop,,180,,Live,Traditional Shop,,,,,,,,,,,,,,,,,,,,,
dcf738e1-c8ef-4d0c-9b3d-0b0f85811b81,2025-01-06 8:15:17,933583c077ff4c73565282b510dd424f,Naogaon,Badalgachhi,"Potato,Eggplant,Onion,Chicken",,,,,,,,,,,,,,,,,,,,,,,,,,,,,,,,,,,,,190,,Live,Traditional Shop,,50,,New Potato,Traditional Shop,,40,,,Traditional Shop,,60,,Deshi,Traditional Shop,,,,,,Last Friday 
84c0ef3d-68fb-4dcb-ab6d-a1a648e95508,2025-01-06 12:14:24,2b8427508a9e3bcf9e579578f6629e08,Pabna,Santhia,"Rice,Flour,Lentil,Soybean Oil,Salt,Sugar,Eggs,Chicken,Potato,Eggplant,Onion,Green Chilli",65,,Loose,,Traditional Shop,,40,,Packet,Traditional Shop,,160,,Loose,Traditional Shop,,180,,Bottle,Traditional Shop,,32,,Packet,Traditional Shop,,153,,Indian,Packet,Traditional Shop,,55,,Traditional Shop,,320,,Live,Traditional Shop,,60,,New Potato,Traditional Shop,,40,,????,Traditional Shop,,50,,Deshi,Traditional Shop,,40,,Traditional Shop,,
33ae478b-e8ef-4995-a045-a879db0aff08,2025-01-06 13:17:42,572d1680512266ab142dd3e235069a1f,Rajshahi,Matihar,"Eggs,Potato,Onion",,,,,,,,,,,,,,,,,,,,,,,,,,,,,,,,,45,,Traditional Shop,,,,,,,40,,New Potato,Traditional Shop,,,,,,,50,,Deshi,Traditional Shop,,,,,,
347a9007-efba-4b6a-a6d1-6d733cde1ce6,2025-01-06 16:42:20,71c7f4219426d4441355ae3917e30e92,Dhaka,Jatrabari,"Rice,Eggs,Chicken,Potato,Onion,Green Chilli",70,,Loose,Miniket,Traditional Shop,,,,,,,,,,,,,,,,,,,,,,,,,,,,45,,Traditional Shop,,360,,Live,Traditional Shop,,60,,Old Potato,Traditional Shop,,,,,,,50,,Deshi,Traditional Shop,,200,,Traditional Shop,,
251325aa-d7c3-4537-a9c6-aab58951d6b8,2025-01-06 18:16:21,2121cd939eb18e4942dc891e4d49dd06,Rajshahi,Boalia,"Lentil,Sugar,Eggs,Rice,Green Chilli",78,,Loose,Miniket,Traditional Shop,,,,,,,110,,Loose,Traditional Shop,,,,,,,,,,,,120,,Deshi,Loose,Traditional Shop,,40,,Traditional Shop,,,,,,,,,,,,,,,,,,,,,,60,,Traditional Shop,,
27584ebd-076f-49fe-af09-15da3d4f75e5,2025-01-06 18:17:32,2121cd939eb18e4942dc891e4d49dd06,Rajshahi,Boalia,"Lentil,Sugar,Eggs",,,,,,,,,,,,140,,Loose,Traditional Shop,,,,,,,,,,,,140,,Deshi,Loose,Traditional Shop,,44,,Traditional Shop,,,,,,,,,,,,,,,,,,,,,,,,,,
a35a7561-dfff-47b3-b44b-b161c6387e63,2025-01-06 18:18:18,2121cd939eb18e4942dc891e4d49dd06,Rajshahi,Boalia,Eggs,,,,,,,,,,,,,,,,,,,,,,,,,,,,,,,,,46,,Traditional Shop,,,,,,,,,,,,,,,,,,,,,,,,,,
6f9c47ca-db9d-47ce-a94b-358fc491b934,2025-01-07 17:42:32,2121cd939eb18e4942dc891e4d49dd06,Rajshahi,Boalia,Eggs,,,,,,,,,,,,,,,,,,,,,,,,,,,,,,,,,44,,Traditional Shop,,,,,,,,,,,,,,,,,,,,,,,,,,
a5c1b364-4808-4a4e-aa66-7770122922a4,2025-01-07 17:43:26,2121cd939eb18e4942dc891e4d49dd06,Rajshahi,Boalia,Eggs,,,,,,,,,,,,,,,,,,,,,,,,,,,,,,,,,46,,Traditional Shop,,,,,,,,,,,,,,,,,,,,,,,,,,
40312a4f-b0d3-40af-b0a3-6418bc78561b,2025-01-08 13:21:35,886e897b7c9a8a66297d024a696f2c93,Gaibandha,Sadullapur,Eggs,,,,,,,,,,,,,,,,,,,,,,,,,,,,,,,,,50,,Traditional Shop,,,,,,,,,,,,,,,,,,,,,,,,,,
c6d2fc87-6598-482d-bfee-fc6c9c6134b0,2025-01-08 17:08:43,2121cd939eb18e4942dc891e4d49dd06,Rajshahi,Boalia,Soybean Oil,,,,,,,,,,,,,,,,,180,,Loose,Traditional Shop,,,,,,,,,,,,,,,,,,,,,,,,,,,,,,,,,,,,,,,,,
9f441d18-b9c7-4eb7-b9b9-eddb89bb5bcc,2025-01-10 9:44:51,2121cd939eb18e4942dc891e4d49dd06,Rajshahi,Boalia,"Rice,Lentil,Eggs,Potato,Green Chilli,Eggplant",65,,Loose,???? ,Traditional Shop,,,,,,,140,,Loose,Traditional Shop,,,,,,,,,,,,,,,,,,44,,Traditional Shop,,,,,,,30,,New Potato,Traditional Shop,,30,,,Traditional Shop,,,,,,,60,,Traditional Shop,,
298bd292-d46f-45f5-8f07-9e851da59d8d,2025-01-11 7:35:32,2121cd939eb18e4942dc891e4d49dd06,Rajshahi,Boalia,"Onion,Rice,Lentil,Soybean Oil,Eggs,Chicken,Potato,Green Chilli",60,,Loose,Swarna,Traditional Shop,,,,,,,120,,Loose,Traditional Shop,,185,,Bottle,Traditional Shop,,,,,,,,,,,,,40,,Traditional Shop,,190,,Live,Traditional Shop,,40,,New Potato,Traditional Shop,,,,,,,50,,Deshi,Traditional Shop,,60,,Traditional Shop,,
dd2dee71-3439-485a-81f2-3abaac4ef4d8,2025-01-11 7:38:17,2121cd939eb18e4942dc891e4d49dd06,Rajshahi,Boalia,"Rice,Chicken,Eggs,Potato",70,,Loose,???? ,Traditional Shop,,,,,,,,,,,,,,,,,,,,,,,,,,,,42,,Traditional Shop,,260,,Live,Traditional Shop,,35,,New Potato,Traditional Shop,,,,,,,,,,,,,,,,
6de5f703-9fc2-4bdf-863c-082b06c818e2,2025-01-11 7:39:08,2121cd939eb18e4942dc891e4d49dd06,Rajshahi,Boalia,Chicken,,,,,,,,,,,,,,,,,,,,,,,,,,,,,,,,,,,,,310,,Live,Traditional Shop,,,,,,,,,,,,,,,,,,,,,
f8117c10-c46a-46a7-801d-08a28b604ac6,2025-01-11 7:39:41,2121cd939eb18e4942dc891e4d49dd06,Rajshahi,Boalia,Chicken,,,,,,,,,,,,,,,,,,,,,,,,,,,,,,,,,,,,,320,,Live,Traditional Shop,,,,,,,,,,,,,,,,,,,,,
e35884a3-4ed1-4074-ac96-c789ada0daf7,2025-01-11 7:40:20,2121cd939eb18e4942dc891e4d49dd06,Rajshahi,Boalia,Chicken,,,,,,,,,,,,,,,,,,,,,,,,,,,,,,,,,,,,,340,,Live,Traditional Shop,,,,,,,,,,,,,,,,,,,,,
f704b0a2-3143-465d-934c-d3b04c92f1a9,2025-01-11 12:29:51,2121cd939eb18e4942dc891e4d49dd06,Rajshahi,Boalia,"Onion,Sugar",,,,,,,,,,,,,,,,,,,,,,,,,,,130,,Deshi,Loose,Traditional Shop,,,,,,,,,,,,,,,,,,,,,45,,Indian,Traditional Shop,,,,,,
d11fcb26-9099-4b8a-b2a4-147fe4ec1547,2025-01-11 16:46:40,12bc8f52864c56c3dfbd8905a123f20c,Rajshahi,Matihar,"Soybean Oil,Potato,Onion",,,,,,,,,,,,,,,,,170,,Bottle,Traditional Shop,,,,,,,,,,,,,,,,,,,,,,40,,New Potato,Traditional Shop,,,,,,,50,,Deshi,Traditional Shop,,,,,,
7d4863e1-f637-4501-b6e1-3462cd9323cc,2025-01-12 17:53:43,2121cd939eb18e4942dc891e4d49dd06,Rajshahi,Boalia,Eggs,,,,,,,,,,,,,,,,,,,,,,,,,,,,,,,,,48,,Traditional Shop,,,,,,,,,,,,,,,,,,,,,,,,,,
59806d25-fe16-4387-a51d-a54dd81883aa,2025-01-13 16:45:11,572d1680512266ab142dd3e235069a1f,Rajshahi,Matihar,"Rice,Soybean Oil,Sugar,Eggs,Potato,Eggplant,Onion,Green Chilli",,,,,,,,,,,,,,,,,,,,,,,,,,,,,,,,,,,,,,,,,,,,,,,,,,,,,,,,,,,,,
82ee85af-f278-4ba2-9c32-aa55a41ef023,2025-01-15 1:25:14,12bc8f52864c56c3dfbd8905a123f20c,Rajshahi,Matihar,Potato,,,,,,,,,,,,,,,,,,,,,,,,,,,,,,,,,,,,,,,,,,25,,New Potato,Traditional Shop,,,,,,,,,,,,,,,,
9357e243-c529-4c7c-b380-57bc1a10f829,2025-01-15 1:26:00,12bc8f52864c56c3dfbd8905a123f20c,Rajshahi,Matihar,Soybean Oil,,,,,,,,,,,,,,,,,170,,Bottle,Traditional Shop,,,,,,,,,,,,,,,,,,,,,,,,,,,,,,,,,,,,,,,,,
bc6a1eb3-8c7c-42dd-8777-82a2b30b2c10,2025-01-15 15:32:32,2121cd939eb18e4942dc891e4d49dd06,Rajshahi,Boalia,"Rice,Soybean Oil,Potato,Eggplant,Green Chilli",70,,Loose,???? ,Traditional Shop,,,,,,,,,,,,170,,Loose,Traditional Shop,,,,,,,,,,,,,,,,,,,,,,25,,New Potato,Traditional Shop,,30,,,Traditional Shop,,,,,,,40,,Traditional Shop,,
bf03b1be-fdad-4727-85ba-a5245d527608,2025-01-16 12:32:51,3d23abb363856a27c7601fd6672bd5c0,Rajshahi,Durgapur,"Flour,Soybean Oil,Eggs,Potato,Eggplant,Onion,Green Chilli,Sugar",,,,,,,50,,Packet,Traditional Shop,,,,,,,180,,Bottle,Traditional Shop,,,,,,,120,,Indian,Loose,Traditional Shop,,48,,Traditional Shop,,,,,,,40,,New Potato,Traditional Shop,,30,,,Traditional Shop,,50,,Deshi,Traditional Shop,,50,,Traditional Shop,,
772e81bd-257d-4bef-bab0-e2ed3ebd3340,2025-01-16 14:44:49,c15251cff68faccf4b27b37e8eb11447,Rajshahi,Boalia,"Flour,Lentil,Soybean Oil,Sugar,Salt,Eggs,Chicken,Potato,Eggplant,Green Chilli,Onion",,,,,,,60,,Packet,Traditional Shop,,130,,Loose,Traditional Shop,,180,,Bottle,Traditional Shop,,40,,Packet,Traditional Shop,,130,,Deshi,Loose,Traditional Shop,,44,,Traditional Shop,,180,,Live,Traditional Shop,,30,,Old Potato,Traditional Shop,,30,,,Traditional Shop,,40,,Deshi,Traditional Shop,,40,,Traditional Shop,,
d1d6f210-27f6-472e-931c-fbd5ea24dae4,2025-01-16 14:54:05,2121cd939eb18e4942dc891e4d49dd06,Rajshahi,Boalia,Sugar,,,,,,,,,,,,,,,,,,,,,,,,,,,140,,Deshi,Packet,Traditional Shop,,,,,,,,,,,,,,,,,,,,,,,,,,,,,,
84c29fa2-7f5a-4d5d-b158-3af37e573274,2025-01-16 14:54:29,b1d010371fae7901b9fd0ed15188a671,Rajshahi,Boalia,Green Chilli,,,,,,,,,,,,,,,,,,,,,,,,,,,,,,,,,,,,,,,,,,,,,,,,,,,,,,,,,40,,Traditional Shop,,
8b0fe601-90fc-48ff-a30e-3a0717f7a700,2025-01-17 11:25:57,,Rajshahi,Boalia,"Rice,Soybean Oil,Salt",70,,Loose,???? ,Traditional Shop,,,,,,,,,,,,180,,Loose,Traditional Shop,,42,,Packet,Traditional Shop,,,,,,,,,,,,,,,,,,,,,,,,,,,,,,,,,,,,
6d739741-5108-411d-9a2f-8f3b89a52e92,2025-01-18 18:45:55,,Rajshahi,Matihar,"Potato,Onion",,,,,,,,,,,,,,,,,,,,,,,,,,,,,,,,,,,,,,,,,,30,,New Potato,Traditional Shop,,,,,,,50,,Deshi,Traditional Shop,,,,,,
58290cb7-b2b8-4973-9514-7eb921d72040,2025-01-19 14:46:21,,Dinajpur,Dinajpur Sadar,"Rice,Potato",80,,Packet,Miniket,Traditional Shop,,,,,,,,,,,,,,,,,,,,,,,,,,,,,,,,,,,,,20,,New Potato,Traditional Shop,,,,,,,,,,,,,,,,
2597438d-7052-420a-acaa-ea45a8b61b29,2025-01-19 15:06:32,,Rajshahi,Matihar,"Potato,Eggplant,Onion,Green Chilli",,,,,,,,,,,,,,,,,,,,,,,,,,,,,,,,,,,,,,,,,,30,,New Potato,Traditional Shop,,30,,??? ,Traditional Shop,,50,,Deshi,Traditional Shop,,60,,Traditional Shop,,
9114bfa5-3042-404a-82a4-a946a56b83e6,2025-01-19 15:09:38,,Rajshahi,Matihar,"Rice,Flour,Lentil,Soybean Oil,Salt,Eggs,Sugar",64,,Loose,,Traditional Shop,,42,,Loose,Traditional Shop,,110,,Loose,Traditional Shop,,175,,Bottle,Traditional Shop,,40,,Packet,Traditional Shop,,125,,Indian,Loose,Traditional Shop,,44,,Traditional Shop,,,,,,,,,,,,,,,,,,,,,,,,,,
7fd736ed-591b-4c8e-b74b-8fe4ada61ca8,2025-01-20 15:41:11,,Rajshahi,Matihar,"Rice,Eggs,Eggplant,Potato,Onion,Green Chilli",55,,Loose,Swarna,Traditional Shop,,,,,,,,,,,,,,,,,,,,,,,,,,,,42,,Traditional Shop,,,,,,,30,,New Potato,Traditional Shop,,30,,Green-Round,Traditional Shop,,45,,Deshi,Traditional Shop,,45,,Traditional Shop,,
b0eca3c2-5deb-4ef1-8a2e-3e329028a582,2025-01-20 15:52:07,,Rajshahi,Matihar,Rice,60,,Loose,Paijam,Traditional Shop,,,,,,,,,,,,,,,,,,,,,,,,,,,,,,,,,,,,,,,,,,,,,,,,,,,,,,,,
4c601c50-6e7f-4941-8ade-217b5a40b9c8,2025-01-20 15:53:09,,Rajshahi,Matihar,Rice,70,,Loose,Deshi 28,Traditional Shop,,,,,,,,,,,,,,,,,,,,,,,,,,,,,,,,,,,,,,,,,,,,,,,,,,,,,,,,
acdd39c9-3dec-4e8a-a388-28dd546887cf,2025-01-20 15:54:10,,Rajshahi,Matihar,Rice,65,,,Auto Mail 28,Traditional Shop,,,,,,,,,,,,,,,,,,,,,,,,,,,,,,,,,,,,,,,,,,,,,,,,,,,,,,,,
3bf367ca-4878-4d3c-a462-90fb5c4ce9fb,2025-01-22 9:16:40,,Rajshahi,Matihar,"Potato,Onion,Green Chilli,Eggplant,Eggs",,,,,,,,,,,,,,,,,,,,,,,,,,,,,,,,,42,,,,,,,,,30,,New Potato,Traditional Shop,,30,,Green round ,Traditional Shop,,40,,Deshi,Traditional Shop,,50,,Traditional Shop,,
480aa88e-3f5a-4313-aa1e-776f50b9c5fe,2025-01-23 13:39:21,,Rajshahi,Durgapur,"Flour,Lentil,Potato,Eggplant,Green Chilli",,,,,,,50,,Packet,Traditional Shop,,125,,Loose,Traditional Shop,,,,,,,,,,,,,,,,,,,,,,,,,,,25,,New Potato,Traditional Shop,,30,,,Traditional Shop,,,,,,,40,,Traditional Shop,,
16ea9f01-576f-48d0-bca4-3fbe0172936c,2025-01-23 16:00:02,,Rajshahi,Boalia,Eggs,,,,,,,,,,,,,,,,,,,,,,,,,,,,,,,,,45,,Traditional Shop,,,,,,,,,,,,,,,,,,,,,,,,,,
a90186e2-e7f5-423d-a119-9230249817a4,2025-01-27 5:08:53,,Rajshahi,Matihar,"Rice,Lentil,Soybean Oil,Salt,Eggs,Chicken,Potato,Onion,Green Chilli",60,,Loose,,Traditional Shop,,,,,,,160,,Loose,Traditional Shop,,160,,Loose,Traditional Shop,,36,,,,,,,,,,,44,,Traditional Shop,,220,,Live,Traditional Shop,,3,,Old Potato,Traditional Shop,,,,,,,46,,Deshi,Traditional Shop,,90,,Traditional Shop,,
e8f750f2-0e77-448b-ab10-b9b39d4a9126,2025-01-29 7:56:44,,Rajshahi,Matihar,"Rice,Flour,Lentil,Soybean Oil,Salt,Sugar,Eggs",65,,Loose,,Traditional Shop,,50,,Packet,Traditional Shop,,120,,Loose,Traditional Shop,,173,,Bottle,Traditional Shop,,40,,Packet,Traditional Shop,,130,,Indian,Packet,Traditional Shop,,42,,Traditional Shop,,,,,,,,,,,,,,,,,,,,,,,,,,
fdd82fbf-074b-4d1a-9ccb-37f9a203244b,2025-02-01 14:20:29,,Rajshahi,Matihar,Potato,,,,,,,,,,,,,,,,,,,,,,,,,,,,,,,,,,,,,,,,,,20,,New Potato,Traditional Shop,,,,,,,,,,,,,,,,
,,,,,,,,,,,,,,,,,,,,,,,,,,,,,,,,,,,,,,,,,,,,,,,,,,,,,,,,,,,,,,,,,,
,,,,,,,,,,,,,,,,,,,,,,,,,,,,,,,,,,,,,,,,,,,,,,,,,,,,,,,,,,,,,,,,,,
,,,,,,,,,,,,,,,,,,,,,,,,,,,,,,,,,,,,,,,,,,,,,,,,,,,,,,,,,,,,,,,,,,
,,,,,,,,,,,,,,,,,,,,,,,,,,,,,,,,,,,,,,,,,,,,,,,,,,,,,,,,,,,,,,,,,,
,,,,,,,,,,,,,,,,,,,,,,,,,,,,,,,,,,,,,,,,,,,,,,,,,,,,,,,,,,,,,,,,,,
,,,,,,,,,,,,,,,,,,,,,,,,,,,,,,,,,,,,,,,,,,,,,,,,,,,,,,,,,,,,,,,,,,
,,,,,,,,,,,,,,,,,,,,,,,,,,,,,,,,,,,,,,,,,,,,,,,,,,,,,,,,,,,,,,,,,,
,,,,,,,,,,,,,,,,,,,,,,,,,,,,,,,,,,,,,,,,,,,,,,,,,,,,,,,,,,,,,,,,,,
,,,,,,,,,,,,,,,,,,,,,,,,,,,,,,,,,,,,,,,,,,,,,,,,,,,,,,,,,,,,,,,,,,
,,,,,,,,,,,,,,,,,,,,,,,,,,,,,,,,,,,,,,,,,,,,,,,,,,,,,,,,,,,,,,,,,,
,,,,,,,,,,,,,,,,,,,,,,,,,,,,,,,,,,,,,,,,,,,,,,,,,,,,,,,,,,,,,,,,,,
,,,,,,,,,,,,,,,,,,,,,,,,,,,,,,,,,,,,,,,,,,,,,,,,,,,,,,,,,,,,,,,,,,
,,,,,,,,,,,,,,,,,,,,,,,,,,,,,,,,,,,,,,,,,,,,,,,,,,,,,,,,,,,,,,,,,,
,,,,,,,,,,,,,,,,,,,,,,,,,,,,,,,,,,,,,,,,,,,,,,,,,,,,,,,,,,,,,,,,,,
,,,,,,,,,,,,,,,,,,,,,,,,,,,,,,,,,,,,,,,,,,,,,,,,,,,,,,,,,,,,,,,,,,
,,,,,,,,,,,,,,,,,,,,,,,,,,,,,,,,,,,,,,,,,,,,,,,,,,,,,,,,,,,,,,,,,,
,,,,,,,,,,,,,,,,,,,,,,,,,,,,,,,,,,,,,,,,,,,,,,,,,,,,,,,,,,,,,,,,,,
,,,,,,,,,,,,,,,,,,,,,,,,,,,,,,,,,,,,,,,,,,,,,,,,,,,,,,,,,,,,,,,,,,
,,,,,,,,,,,,,,,,,,,,,,,,,,,,,,,,,,,,,,,,,,,,,,,,,,,,,,,,,,,,,,,,,,
,,,,,,,,,,,,,,,,,,,,,,,,,,,,,,,,,,,,,,,,,,,,,,,,,,,,,,,,,,,,,,,,,,
,,,,,,,,,,,,,,,,,,,,,,,,,,,,,,,,,,,,,,,,,,,,,,,,,,,,,,,,,,,,,,,,,,
,,,,,,,,,,,,,,,,,,,,,,,,,,,,,,,,,,,,,,,,,,,,,,,,,,,,,,,,,,,,,,,,,,
,,,,,,,,,,,,,,,,,,,,,,,,,,,,,,,,,,,,,,,,,,,,,,,,,,,,,,,,,,,,,,,,,,
